OCID,CONTRACT_TITLE,PROCUREMENT_METHOD,BUYER_NAME,SUPPLIER_NAMES,CONTRACT_START_DATE,CONTRACT_END_DATE,CONTRACT_AMOUNT,CONTRACT_CURRENCY
1,"PROYECTO INTEGRAL DE OBRA PÚBLICA A PRECIO MIXTO QUE INCLUYE LA ELABORACIÓN DEL PROYECTO EJECUTIVO, SUMINISTRO DE MATERIALES, ADECUACIONES CARRETERAS Y CONSTRUCCIÓN DE PLATAFORMA Y VÍA DEL TREN MAYA CORRESPONDIENTE AL TRAMO IZAMAL -",ADJUDICACIÓN DIRECTA,Fondo Nacional de Fomento al Turismo,ICA CONSTRUCTORA SA DE CV,2020-09-21,2026-01-30,25849460178.2,MXN
2,"ELABORACIÓN DEL PROYECTO EJECUTIVO, SUMINISTRO DE MATERIALES Y CONSTRUCCIÓN DE PLATAFORMA Y VÍA DEL TREN MAYA CORRESPONDIENTES AL TRAMO ESCÁRCEGA-CALKINÍ",LICITACIÓN PÚBLICA,Fondo Nacional de Fomento al Turismo,OPERADORA CICSA SA DE CV,2020-05-12,2022-07-12,15994602016.24,MXN
3,"ELABORACIÓN DEL PROYECTO EJECUTIVO, SUMINISTRO DE MATERIALES Y CONSTRUCCIÓN DE PLATAFORMA Y VÍA DEL TREN MAYA CORRESPONDIENTES AL TRAMO PALENQUE-ESCÁRCEGA",LICITACIÓN PÚBLICA,Fondo Nacional de Fomento al Turismo,"CONSORCIO LAMAT TRAMO 1, S.A.P.I DE C.V.",2020-04-30,2022-08-30,13394942290.34,MXN
4,"ELABORACIÓN DEL PROYECTO EJECUTIVO, SUMINISTRO DE MATERIALES Y CONSTRUCCIÓN DE PLATAFORMA Y VÍA DEL TREN MAYA CORRESPONDIENTES AL TRAMO CALKINÍ-IZAMAL",LICITACIÓN PÚBLICA,Fondo Nacional de Fomento al Turismo,"AZVINDI FERROVIARIO, S.A. DE C.V.",2020-05-26,2022-12-31,8787016116.02,MXN
5,"SERVICIO DE “OFICINA DE GESTIÓN DEL PROYECTO TREN MAYA (OGP)""",ADJUDICACIÓN DIRECTA,Fondo Nacional de Fomento al Turismo,MEXTYPSA SA DE CV,2020-04-15,2021-04-14,573369189.63,MXN
6,INGENIERÍA BÁSICA PARA EL TREN MAYA,LICITACIÓN PÚBLICA,Fondo Nacional de Fomento al Turismo,KEY CAPITAL S A P I DE CV,2019-08-23,2020-04-23,298987654.32,MXN
7,SUPERVISIÓN TÉCNICA Y VERIFICACIÓN DE CONTROL DE CALIDAD DE LOS TRABAJOS DE CONSTRUCCIÓN DE PLATAFORMA Y VÍA DEL TREN MAYA CORRESPONDIENTE AL TRAMO ESCÁRCEGA-CALKINÍ,LICITACIÓN PÚBLICA,Fondo Nacional de Fomento al Turismo,CAL Y MAYOR Y ASOCIADOS SC,2020-06-16,2022-10-14,295158219.23,MXN
8,Supervisión técnica y verificación de control de calidad de los trabajos de construcción de plataforma y vía del Tren Maya correspondiente al Tramo Palenque-Escárcega,LICITACIÓN PÚBLICA,Fondo Nacional de Fomento al Turismo,"CAPITAL HUMANO ESPECIALIZADO KRA, S.A. DE C.V.",2020-06-02,2022-10-22,258520550,MXN
9,"SERVICIO DE APOYO ADMINISTRATIVO Y OPERATIVO INHERENTES A PLANEACIÓN, PROGRAMACIÓN Y DESARROLLO DE INFRAESTRUCTURA FERROVIARIA EN EL SURESTE MÉXICO, CORRESPONDIENTE AL TREN MAYA",CONTRATO ENTRE ENTES PUBLICOS,"FONATUR Tren Maya, S.A. de C.V.","FONATUR INFRAESTRUCTURA, S.A. DE C.V.",2020-04-01,2020-12-31,219796452.12,MXN
10,SUPERVISIÓN TÉCNICA Y VERIFICACIÓN DE CONTROL DE CALIDAD DE LOS TRABAJOS DE CONSTRUCCIÓN DE PLATAFORMA Y VÍA DEL TREN MAYA CORRESPONDIENTE AL TRAMO CALKINÍ- IZAMAL.,LICITACIÓN PÚBLICA,Fondo Nacional de Fomento al Turismo,CONSULTORIA INTEGRAL EN INGENIERIA SA DE CV,2020-07-27,2022-11-26,189789992.67,MXN
11,Trabajos Técnico-Jurídicos para la Identificación y Liberación de Áreas de Afectación para la Constitución del Derecho de Vía del Proyecto Denominado Tren Maya.,ADJUDICACIÓN DIRECTA,Fondo Nacional de Fomento al Turismo,BYA BARRIENTOS Y ASOCIADOS SA DE CV,2019-08-14,2019-12-31,62408000,MXN
12,"Asesoria Técnica del Tren Maya para la Estructuración del Proyecto Integral, la Contratación de la Ingeniería Básica y la Supervisión Técnica de dicha Ingeniería Básica.",ADJUDICACIÓN DIRECTA,Fondo Nacional de Fomento al Turismo,MEXTYPSA SA DE CV,2019-05-02,2020-12-05,59552659.52,MXN
13,"SERVICIO DE APOYO ADMINISTRATIVO Y OPERATIVO INHERENTES A PLANEACIÓN, PROGRAMACIÓN Y DESARROLLO DE INFRAESTRUCTURA FERROVIARIA EN EL SURESTE MÉXICO, CORRESPONDIENTE AL TREN MAYA",CONTRATO ENTRE ENTES PUBLICOS,"FONATUR Tren Maya, S.A. de C.V.","FONATUR INFRAESTRUCTURA, S.A. DE C.V.",2020-01-02,2020-03-31,57986347.53,MXN
14,Servicio de Asesoría Legal para la Estructuración Jurídica del Tren Maya,ADJUDICACIÓN DIRECTA,Fondo Nacional de Fomento al Turismo,WOODHOUSE LORENTE LUDLOW SC,2019-03-19,2019-12-31,44000000,MXN
15,SERV DE APOYO ADM TREN MAYA 2019,CONTRATO ENTRE ENTES PUBLICOS,"FONATUR Tren Maya, S.A. de C.V.","FONATUR INFRAESTRUCTURA, S.A. DE C.V.",2019-10-01,2019-12-31,33274010.47,MXN
16,Asesoría económico-financiera para la estructuración del Tren Maya,ADJUDICACIÓN DIRECTA,Fondo Nacional de Fomento al Turismo,PRICEWATERHOUSECOOPERS SC,2019-03-19,2019-12-31,32000000,MXN
17,ANALISIS REGIONAL DEL SURESTE MESOAMERICANO PROYECTO SALVAMIENTO ARQUEOLÓGICO,CONTRATO ENTRE ENTES PUBLICOS,"FONATUR Tren Maya, S.A. de C.V.",FONATUR INFRAESTRUCTURA SA DE CV,2020-06-16,2021-06-15,29805709.08,MXN
18,CARAVANA INFORMATIVA” (EL TREN QUE NOS UNE),ADJUDICACIÓN DIRECTA,Fondo Nacional de Fomento al Turismo,"EL JUEGO DE LLAVES, SA DE CV",2019-03-19,2019-11-15,25228915.89,MXN
19,"Asesoría técnica en el programa maestro, preselección de trazo y estimación de demanda del Tren Maya.",ADJUDICACIÓN DIRECTA,Fondo Nacional de Fomento al Turismo,STEER DAVIES & GLEAVE MEXICO SA DE CV,2019-03-19,2019-12-31,23870000,MXN
20,"SERVICIO DE APOYO ADMINISTRATIVO Y OPERATIVO INHERENTES A PLANEACIÓN, PROGRAMACIÓN Y DESARROLLO DE INFRAESTRUCTURA FERROVIARIA EN EL SURESTE MÉXICO, CORRESPONDIENTE AL TREN MAYA",CONTRATO ENTRE ENTES PUBLICOS,"FONATUR Tren Maya, S.A. de C.V.","FONATUR INFRAESTRUCTURA, S.A. DE C.V.",2019-04-01,2019-07-31,21012244.81,MXN
21,"SERVICIO DE APOYO ADMINISTRATIVO Y OPERATIVO INHERENTES A PLANEACIÓN, PROGRAMACIÓN Y DESARROLLO DE INFRAESTRUCTURA FERROVIARIA EN EL SURESTE MEXICO, CORRESPONDIENTE AL TREN MAYA",CONTRATO ENTRE ENTES PUBLICOS,"FONATUR Tren Maya, S.A. de C.V.","FONATUR INFRAESTRUCTURA, S.A. DE C.V.",2019-01-01,2019-03-31,19555043.22,MXN
22,Estudio de evaluación de percepción e impacto socioeconómico del Tren Maya,CONTRATO ENTRE ENTES PUBLICOS,Fondo Nacional de Fomento al Turismo,UNIVERSIDAD NACIONAL AUTONOMA DE MEXICO,2020-07-02,2022-06-30,18275862.07,MXN
23,"SERVICIO DE APOYO ADMINISTRATIVO Y OPERATIVO INHERENTES A PLANEACIÓN, PROGRAMACIÓN Y DESARROLLO DE INFRAESTRUCTURA FERROVIARIA EN EL SURESTE MÉXICO, CORRESPONDIENTE AL TREN MAYA",CONTRATO ENTRE ENTES PUBLICOS,"FONATUR Tren Maya, S.A. de C.V.","FONATUR INFRAESTRUCTURA, S.A. DE C.V.",2019-08-01,2019-09-30,17606546.4,MXN
24,COLABORACIÓN ACADÉMICA EN MATERIA DE GEOTECNIA Y ESTRUCTURAS DURANTE EL DESARROLLO DE LA INGENIERÍA BÁSICA PARA EL TREN MAYA.,CONTRATO ENTRE ENTES PUBLICOS,Fondo Nacional de Fomento al Turismo,UNIVERSIDAD NACIONAL AUTONOMA DE MEXICO,2020-03-20,2020-07-17,14000000,MXN
25,SERVICIO DE ARRENDAMIENTO Y TRANSPORTE VEHICULAR,ADJUDICACIÓN DIRECTA,"FONATUR Tren Maya, S.A. de C.V.",LUMO FINANCIERA DEL CENTRO SA DE CV SOFOM ENR,2020-05-06,2023-05-06,13829625,MXN
26,"Servicios de difusión en Televisión, Radio, Medios Impresos, Medios Digitales y Medios Complementarios para la Campaña: “El Tren Maya”, Versión: “Tren Maya 1”",ADJUDICACIÓN DIRECTA,Secretaría de Gobernación,DEMOS DESARROLLO DE MEDIOS SA DE CV,2019-11-28,2019-12-31,12930218,MXN
27,"Trabajos para el acondicionamiento del derecho de vía ferroviaria en 14.00 Km en el Estado de Campeche, del cadenamiento 692+000 al cadenamiento 706+000 de la vía del Ferrocarril del Istmo de Tehuantepec.",INVITACIÓN A CUANDO MENOS 3 PERSONAS,Fondo Nacional de Fomento al Turismo,NEXUMRAIL SA DE CV,2020-04-27,2020-06-10,11934112.37,MXN
28,"Trabajos para el acondicionamiento del derecho de vía Ferroviaria en 27.25 Km en el Estado de Chiapas, del cadenamiento 330+000 al cadenamiento 357+250 de la vía del Ferrocarril del Istmo de Tehuantepec.",INVITACIÓN A CUANDO MENOS 3 PERSONAS,Fondo Nacional de Fomento al Turismo,COYATOC CONSTRUCCIONES SA DE CV,2020-04-27,2020-06-10,11930832.12,MXN
29,"SERVICIO TÉCNICO PARA LA COMPILACIÓN DE INFORMACIÓN INHERENTE AL DOCUMENTO TÉCNICO UNIFICADO PARA LA RECTIFICACIÓN Y AMPLIACIÓN DE LA VÍA FÉRREA EXISTENTE DEL TRAMO PALENQUE-IZAMAL, 2020.",CONTRATO ENTRE ENTES PUBLICOS,Fondo Nacional de Fomento al Turismo,FONATUR INFRAESTRUCTURA SA DE CV,2020-02-01,2020-05-31,11494996.85,MXN
30,"Servicios de difusión en Televisión, Radio, Medios Impresos, Medios Digitales y Medios Complementarios para la Campaña: “El Tren Maya”, Versión: “Tren Maya 1”",ADJUDICACIÓN DIRECTA,Secretaría de Gobernación,MEDIOS MASIVOS MEXICANOS SA DE CV,2019-11-28,2019-12-31,11484916.914,MXN
31,"ASISTENCIA TÉCNICA PARA LA COORDINACIÓN FONATUR-ONU HABITAT EN EL DESARROLLO DE UN PROGRAMA INTEGRAL TERRITORIAL DE LA REGIÓN SURESTE DE MÉXICO, Y ELABORACIÓN DE INSUMOS ESTRATÉGICOS PARA FORTALECER LA INTEGRACIÓN DE LAS VOCACIONES ECONÓMICAS DE LAS MICROR",ADJUDICACIÓN DIRECTA,Fondo Nacional de Fomento al Turismo,"ECLECSIS SINERGIA Y TECNOLOGIA, S DE RL DE CV",2019-06-17,2020-01-13,11262382,MXN
32,"Servicios de difusión en Televisión, Radio, Medios Impresos, Medios Digitales y Medios Complementarios para la Campaña: “El Tren Maya”, Versión: “Tren Maya 1”",ADJUDICACIÓN DIRECTA,Secretaría de Gobernación,TELEFORMULA SA DE CV,2019-11-28,2019-12-31,10335276,MXN
33,"Estudio técnico de ubicación y caracterización de pasos de vida silvestre necesarios a lo largo de la ruta del Tren Maya, en los tramos: Selva I (Palenque-Escárcega), Golfo 1 (Escárcega-Tenabó) y Selva 2 (Constitución-Límite Estatal Campeche-Quintana Roo).",INVITACIÓN A CUANDO MENOS 3 PERSONAS,Fondo Nacional de Fomento al Turismo,GRUPO ANIMA EFFERUS AC,2020-05-18,2020-12-29,9999461.06,MXN
34,"Estudio técnico de ubicación y caracterización de pasos de vida silvestre necesarios a lo largo de la ruta del Tren Maya, en los tramos: Golfo 2 (Tenabó - Izamal), Golfo 3 (Izamal - Cancún), Caribe 2 (Cancún - Tulum) / Fase 2.",INVITACIÓN A CUANDO MENOS 3 PERSONAS,Fondo Nacional de Fomento al Turismo,SERVICIOS ECOLOGICOS Y CIENTIFICOS SA DE CV,2020-06-01,2020-08-24,9818553.9,MXN
35,Estudio Integral de Seguridad para el Tren Maya,LICITACIÓN PÚBLICA,Fondo Nacional de Fomento al Turismo,KA DE MEXICO S DE RL DE CV,2019-11-29,2020-09-30,9317081.12,MXN
36,"Coordinación General Técnico-Legal-Social de las actividades para la elaboración del Documento Técnico Unificado (DTU) de los tramos Palenque-Escárcega; Escárcega-Calkiní; Calkiní-ANP Cuxtal; y ANP Cuxtal-Izamal, del Proyecto Tren Maya.",INVITACIÓN A CUANDO MENOS 3 PERSONAS,Fondo Nacional de Fomento al Turismo,"CORPORATIVO EN SOLUCIONES INTEGRALES VR, S.C.",2020-03-20,2020-08-18,8895066.13,MXN
37,"Rehabilitación y Reacondicionamiento de Los Cuerpos 1, 2 Y 3 para el Campamento de Obras del Tren Maya en Palenque, Chiapas.",INVITACIÓN A CUANDO MENOS 3 PERSONAS,Fondo Nacional de Fomento al Turismo,COYATOC CONSTRUCCIONES SA DE CV,2020-04-13,2020-06-10,8262038.79,MXN
38,SERVICIO DE ARRENDAMIENTO DE TRANSPORTE VEHICULAR TERRESTRE DENTRO DE TERRITORIO NACIONAL,ADJUDICACIÓN DIRECTA,"FONATUR Tren Maya, S.A. de C.V.",VALUE AUTOMOTRIZ SA DE CV,2020-05-06,2023-05-06,7208163,MXN
39,"Servicios de difusión en Televisión, Radio, Medios Impresos, Medios Digitales y Medios Complementarios para la Campaña: “El Tren Maya”, Versión: “Tren Maya 1”",ADJUDICACIÓN DIRECTA,Secretaría de Gobernación,EDICION Y PUBLICIDAD DE MEDIOS DE LOS ESTADOS S DE RL DE CV,2019-11-28,2019-12-31,6490064.276,MXN
40,"Servicios de difusión en Televisión, Radio, Medios Impresos, Medios Digitales y Medios Complementarios para la Campaña: “El Tren Maya”, Versión: “Tren Maya 1”",ADJUDICACIÓN DIRECTA,Secretaría de Gobernación,MM ON LINE SA DE CV,2019-11-28,2019-12-31,5011880,MXN
41,ASESORÍA ECONÓMICO-FINANCIERA ESPECIALIZADA PROYECTO TREN MAYA,ADJUDICACIÓN DIRECTA,Fondo Nacional de Fomento al Turismo,PRICEWATERHOUSECOOPERS SC,2020-06-05,2020-12-05,5000000,MXN
42,"Contrato abierto de prestación de servicios que celebran Fonatur Tren Maya, S.A. de C.V. y FONATUR, por medio del cual esta último prestará los servicios de personal directivo especializado en diversas materias como la ambiental, social, ingeniería en vías",CONTRATO ENTRE ENTES PUBLICOS,Fondo Nacional de Fomento al Turismo,FONATUR TREN MAYA SA DE CV,2019-11-01,2020-01-07,4967283.6,MXN
43,SERVICIO DE ARRENDAMIENTO DE TRANSPORTE VEHICULAR TERRESTRE DENTRO DE TERRITORIO NACIONAL,ADJUDICACIÓN DIRECTA,"FONATUR Tren Maya, S.A. de C.V.",A2DAHT HEALTH MEXICO SA DE CV,2020-05-06,2023-05-05,4729239,MXN
44,"Servicios de difusión en Televisión, Radio, Medios Impresos, Medios Digitales y Medios Complementarios para la Campaña: “El Tren Maya”, Versión: “Tren Maya 1”",ADJUDICACIÓN DIRECTA,Secretaría de Gobernación,RADIO AMERICA DE MEXICO SA DE CV,2019-11-28,2019-12-31,4310040,MXN
45,"Servicios de difusión en Televisión, Radio, Medios Impresos, Medios Digitales y Medios Complementarios para la Campaña: “El Tren Maya”, Versión: “Tren Maya 1”",ADJUDICACIÓN DIRECTA,Secretaría de Gobernación,RED DE RADIOS COMUNITARIAS DE MEXICO AC,2019-11-28,2019-12-31,4309000,MXN
46,"Servicios de difusión en Televisión, Radio, Medios Impresos, Medios Digitales y Medios Complementarios para la Campaña: “El Tren Maya”, Versión: “Tren Maya 1”",ADJUDICACIÓN DIRECTA,Secretaría de Gobernación,GRUPO DE RADIODIFUSORAS SA DE CV,2019-11-28,2019-12-31,4297104,MXN
47,SERVICIO DE LIMPIEZA Y MANTENIMIENTO PARA LAS OFICINAS DEL PROYECTO TREN MAYA,CONTRATO ENTRE ENTES PUBLICOS,"FONATUR Tren Maya, S.A. de C.V.",FONATUR INFRAESTRUCTURA SA DE CV,2020-05-16,2020-12-31,4125886.67,MXN
48,"Estudio de Disponibilidad de Suelo para Crecimiento Urbano del Polo de Desarrollo en la Ciudad de Mérida, Yucatán.",INVITACIÓN A CUANDO MENOS 3 PERSONAS,Fondo Nacional de Fomento al Turismo,"T DE ENRIQUE NORTEN ARQUITECTOS, S.C.",2019-09-18,2020-05-18,3749096.42,MXN
49,"Servicios de difusión en Televisión, Radio, Medios Impresos, Medios Digitales y Medios Complementarios para la Campaña: “El Tren Maya”, Versión: “Tren Maya 1”",ADJUDICACIÓN DIRECTA,Secretaría de Gobernación,DEMOS DESARROLLO DE MEDIOS SA DE CV,2019-11-28,2019-12-31,3448225,MXN
50,"Proyecto de Plan Maestro para el Polo de Desarrollo del Tren Maya en Palenque, Chiapas.",INVITACIÓN A CUANDO MENOS 3 PERSONAS,Fondo Nacional de Fomento al Turismo,ECOLOGIA Y ACCION URBANA SA DE CV,2019-09-02,2020-05-18,3330793.23,MXN
51,"Servicios de difusión en Televisión, Radio, Medios Impresos, Medios Digitales y Medios Complementarios para la Campaña: “El Tren Maya”, Versión: “Tren Maya 1”",ADJUDICACIÓN DIRECTA,Secretaría de Gobernación,ETAPA DOS SA DE CV,2019-11-28,2019-12-31,3011548.802,MXN
52,"ESTUDIOS PRELIMINARES ARQUITECTÓNICOS CONCEPTUALES PARA LA ESTACIÓN DEL TREN MAYA EN MÉRIDA, YUCATÁN.",INVITACIÓN A CUANDO MENOS 3 PERSONAS,Fondo Nacional de Fomento al Turismo,T. DE ENRIQUE NORTEN ARQUITECTOS,2019-11-29,2020-05-18,2975174.62,MXN
53,"Anteproyecto Arquitectónico de Estación y Plaza Central del Tren Maya en Palenque, chiapas.",INVITACIÓN A CUANDO MENOS 3 PERSONAS,Fondo Nacional de Fomento al Turismo,"DAFDF ARQUITECTURA Y URBANISMO, S.C.",2019-10-11,2020-05-18,2953788.9,MXN
54,"ANTEPROYECTO ARQUITECNTÓNICO DE ESTACIÓN DEL TREN MAYA EN PLAYA DEL CARMEN, QUINTANA ROO.",INVITACIÓN A CUANDO MENOS 3 PERSONAS,Fondo Nacional de Fomento al Turismo,"TECTÓNIKA, PROYECTOS Y CONSTRUCCIONES, S.A. DE C.V.",2019-11-27,2020-05-18,2951868.25,MXN
55,Servicios integrales para una Museografía del FONATUR y un espacio visual del proyecto Tren Maya para el FONATUR.,ADJUDICACIÓN DIRECTA,Fondo Nacional de Fomento al Turismo,"CREATIVIDAD Y ESPECTÁCULOS, S. A. DE C. V.",2019-11-29,2019-12-31,2630700,MXN
56,"Servicios de difusión en Televisión, Radio, Medios Impresos, Medios Digitales y Medios Complementarios para la Campaña: “El Tren Maya”, Versión: “Tren Maya 1”",ADJUDICACIÓN DIRECTA,Secretaría de Gobernación,CENTRO DE CULTURA NUESTRA AMERICA AC,2019-11-28,2019-12-31,2585520,MXN
57,"LÍNEAS ESTRATÉGICAS PARA LA PROPUESTA DE PROYECTOS DETONADORES EN EL MUNICIPIO DE TENOSIQUE, TABASCO.",INVITACIÓN A CUANDO MENOS 3 PERSONAS,Fondo Nacional de Fomento al Turismo,"AZ DISEÑO INTEGRAL, S.A. DE C.V.",2019-11-01,2020-05-18,2396266.81,MXN
58,"Proyecto Conceptual de Regeneración Urbana para el Polo de Desarrollo del Tren Maya en el Municipio de Escárcega, Campeche.",INVITACIÓN A CUANDO MENOS 3 PERSONAS,Fondo Nacional de Fomento al Turismo,CARLOS CORRAL Y ASOCIADOS SC,2019-11-01,2020-05-18,2240010.44,MXN
59,"Anteproyecto Arquitectónico Conceptual De Desarrollo Ecoturístico En El Municipio De Tenosique, Tabasco.",INVITACIÓN A CUANDO MENOS 3 PERSONAS,Fondo Nacional de Fomento al Turismo,"GDS + A, S. A. DE C. V.",2019-10-16,2020-05-18,2142784.14,MXN
60,"ANTEPROYECTO ARQUITECTÓNICO DE ESTACIÓN DEL TREN MAYA EN CHICHÉN ITZÁ, YUCATÁN.",INVITACIÓN A CUANDO MENOS 3 PERSONAS,Fondo Nacional de Fomento al Turismo,"AE GAYARANDA ARQUITECTURA Y DISEÑO URBANO, S.C.",2019-11-08,2020-05-18,2072656.42,MXN
61,"Servicios de difusión en Televisión, Radio, Medios Impresos, Medios Digitales y Medios Complementarios para la Campaña: “El Tren Maya”, Versión: “Tren Maya 1”",ADJUDICACIÓN DIRECTA,Secretaría de Gobernación,RADIODIFUSORES MEXICANOS INDEPENDIENTES SA DE CV,2019-11-28,2019-12-31,2068863.5,MXN
62,CONTRATACION DEL SERVICIO DENOMINADO ASISTENCIA TÉCNICA PARA LLEVAR A CABO EL ANÁLISIS Y PROCESO DE APORTACIÓN DE BIENES INMUEBLES A LOS FIDEICOMISOS DE COMUNIDADES SUSTENTABLES,INVITACIÓN A CUANDO MENOS 3 PERSONAS,Fondo Nacional de Fomento al Turismo,TRUST MANAGEMENT SOURCING S A P I DE CV,2020-09-01,2020-12-29,1857000,MXN
63,"Servicios de difusión en Televisión, Radio, Medios Impresos, Medios Digitales y Medios Complementarios para la Campaña: “El Tren Maya”, Versión: “Tren Maya 1”",ADJUDICACIÓN DIRECTA,Secretaría de Gobernación,"EL UNIVERSAL COMPAÑIA PERIODISTICA NACIONAL, S.A. DE C.V.",2019-11-28,2019-12-31,1809969.603,MXN
64,"Anteproyecto Arquitectónico De Estación Del Tren Maya De Tenosique, Tabasco",INVITACIÓN A CUANDO MENOS 3 PERSONAS,Fondo Nacional de Fomento al Turismo,"AZ DISEÑO INTEGRAL, S.A. DE C.V.",2019-10-23,2020-05-18,1779353.4,MXN
65,"Servicios de difusión en Televisión, Radio, Medios Impresos, Medios Digitales y Medios Complementarios para la Campaña: “El Tren Maya”, Versión: “Tren Maya 1”",ADJUDICACIÓN DIRECTA,Secretaría de Gobernación,INFORMULA SA DE CV,2019-11-28,2019-12-31,1724120,MXN
66,"Servicios de difusión en Televisión, Radio, Medios Impresos, Medios Digitales y Medios Complementarios para la Campaña: “El Tren Maya”, Versión: “Tren Maya 1”",ADJUDICACIÓN DIRECTA,Secretaría de Gobernación,AMX CONTENIDO SA DE CV,2019-11-28,2019-12-31,1724092.198,MXN
67,"Anteproyecto Arquitectónico De Estación Del Tren Maya En Escárcega, Campeche.",INVITACIÓN A CUANDO MENOS 3 PERSONAS,Fondo Nacional de Fomento al Turismo,"CONSTRUCCIÓN, ARQUITECTURA, DISEÑO Y SERVICIOS, S.A. DE C.V.",2019-11-01,2020-05-18,1475274.96,MXN
68,"SERVICIOS PARA LA CARACTERIZACIÓN GENERAL DE USO DE SUELO EN DIFERENTES PUNTOS REPRESENTATIVOS DEL TRAZO DEL PROYECTO “TREN MAYA” EN LOS TRAMOS CHIAPAS, TABASCO, YUCATÁN Y CAMPECHE.",INVITACIÓN A CUANDO MENOS 3 PERSONAS,Fondo Nacional de Fomento al Turismo,"LAW, SOCIAL AND AGRO ADVISORS SC",2019-09-26,2019-10-25,1465652.9,MXN
69,"ELABORACIÓN, SEGUIMIENTO Y OBTENCIÓN DE LA EXENCIÓN DE MANIFESTACIÓN DE IMPACTO AMBIENTAL PARA EL TRAMO FIT DEL TREN MAYA.",INVITACIÓN A CUANDO MENOS 3 PERSONAS,Fondo Nacional de Fomento al Turismo,"CORPORATIVO EN SOLUCIONES INTEGRALES VR, S.C.",2019-11-29,2020-05-18,1462860.4,MXN
70,"Servicios de difusión en Televisión, Radio, Medios Impresos, Medios Digitales y Medios Complementarios para la Campaña: “El Tren Maya”, Versión: “Tren Maya 1”",ADJUDICACIÓN DIRECTA,Secretaría de Gobernación,PERGOM SA DE CV,2019-11-28,2019-12-31,1293093.828,MXN
71,"Servicios de difusión en Televisión, Radio, Medios Impresos, Medios Digitales y Medios Complementarios para la Campaña: “El Tren Maya”, Versión: “Tren Maya 1”",ADJUDICACIÓN DIRECTA,Secretaría de Gobernación,INICIATIVA RADIOFONICA MEXICANA S DE RL DE CV,2019-11-28,2019-12-31,1293087,MXN
72,"Servicios de difusión en Televisión, Radio, Medios Impresos, Medios Digitales y Medios Complementarios para la Campaña: “El Tren Maya”, Versión: “Tren Maya 1”",ADJUDICACIÓN DIRECTA,Secretaría de Gobernación,COMUNICACION 2000 SA DE CV,2019-11-28,2019-12-31,1293060,MXN
73,"Servicios de difusión en Televisión, Radio, Medios Impresos, Medios Digitales y Medios Complementarios para la Campaña: “El Tren Maya”, Versión: “Tren Maya 1”",ADJUDICACIÓN DIRECTA,Secretaría de Gobernación,ORGANIZACION EDITORIAL DEL GOLFO SA DE CV,2019-11-28,2019-12-31,1293028.65,MXN
74,"Servicios de difusión en Televisión, Radio, Medios Impresos, Medios Digitales y Medios Complementarios para la Campaña: “El Tren Maya”, Versión: “Tren Maya 1”",ADJUDICACIÓN DIRECTA,Secretaría de Gobernación,ORGANIZACION EDITORIAL ACUARIO SA DE CV,2019-11-28,2019-12-31,1292840.11,MXN
75,"Servicios de difusión en Televisión, Radio, Medios Impresos, Medios Digitales y Medios Complementarios para la Campaña: “El Tren Maya”, Versión: “Tren Maya 1”",ADJUDICACIÓN DIRECTA,Secretaría de Gobernación,RADIORAMA SA DE CV,2019-11-28,2019-12-31,1292453,MXN
76,"Servicios de difusión en Televisión, Radio, Medios Impresos, Medios Digitales y Medios Complementarios para la Campaña: “El Tren Maya”, Versión: “Tren Maya 1”",ADJUDICACIÓN DIRECTA,Secretaría de Gobernación,GRUPO RADIO CENTRO S A B DE C V,2019-11-28,2019-12-31,1291442.28,MXN
77,"Servicios de difusión en Televisión, Radio, Medios Impresos, Medios Digitales y Medios Complementarios para la Campaña: “El Tren Maya”, Versión: “Tren Maya 1”",ADJUDICACIÓN DIRECTA,Secretaría de Gobernación,5M2 ANDENES S A P I DE CV,2019-11-28,2019-12-31,1289400,MXN
78,CONTRATACIÓN DE TESTIGO SOCIAL P-E,ADJUDICACIÓN DIRECTA,Fondo Nacional de Fomento al Turismo,"GOBERNANZA, DESARROLLO Y TRANSPARENCIA INSTITUCIONAL, A.C.",2020-02-28,2020-04-30,1178787.84,MXN
79,CONTRATACIÓN DE TESTIGO SOCIAL E-C,ADJUDICACIÓN DIRECTA,Fondo Nacional de Fomento al Turismo,ACADEMIA DE CONTRATACION PUBLICA DE MEXICO AC,2020-02-28,2020-05-12,1155764.64,MXN
80,CONTRATACIÓN TESTIGO SOCIAL C-I,ADJUDICACIÓN DIRECTA,Fondo Nacional de Fomento al Turismo,ACADEMIA MEXICANA DE AUDITORIA AL DESEMPEÑO AC,2020-03-05,2020-05-25,930928,MXN
81,"Servicios de difusión en Televisión, Radio, Medios Impresos, Medios Digitales y Medios Complementarios para la Campaña: “El Tren Maya”, Versión: “Tren Maya 1”",ADJUDICACIÓN DIRECTA,Secretaría de Gobernación,INTERMEDIA DE JUAREZ SA DE CV,2019-11-28,2019-12-31,862048.32,MXN
82,"Servicios de difusión en Televisión, Radio, Medios Impresos, Medios Digitales y Medios Complementarios para la Campaña: “El Tren Maya”, Versión: “Tren Maya 1”",ADJUDICACIÓN DIRECTA,Secretaría de Gobernación,NRM COMUNICACIONES SA DE CV,2019-11-28,2019-12-31,862044,MXN
83,"Servicios de difusión en Televisión, Radio, Medios Impresos, Medios Digitales y Medios Complementarios para la Campaña: “El Tren Maya”, Versión: “Tren Maya 1”",ADJUDICACIÓN DIRECTA,Secretaría de Gobernación,COMERCIALIZADORA IMU SA DE CV,2019-11-28,2019-12-31,861992,MXN
84,"Servicios de difusión en Televisión, Radio, Medios Impresos, Medios Digitales y Medios Complementarios para la Campaña: “El Tren Maya”, Versión: “Tren Maya 1”",ADJUDICACIÓN DIRECTA,Secretaría de Gobernación,L.R.H.G. INFORMATIVO SA DE CV,2019-11-28,2019-12-31,861641,MXN
85,"Servicios de difusión en Televisión, Radio, Medios Impresos, Medios Digitales y Medios Complementarios para la Campaña: “El Tren Maya”, Versión: “Tren Maya 1”",ADJUDICACIÓN DIRECTA,Secretaría de Gobernación,STEREOREY MEXICO SA,2019-11-28,2019-12-31,861229.707,MXN
86,"Servicios de difusión en Televisión, Radio, Medios Impresos, Medios Digitales y Medios Complementarios para la Campaña: “El Tren Maya”, Versión: “Tren Maya 1”",ADJUDICACIÓN DIRECTA,Secretaría de Gobernación,SIPSE MULTIMEDIOS SA DE CV,2019-11-28,2019-12-31,860752.5,MXN
87,"Servicios de difusión en Televisión, Radio, Medios Impresos, Medios Digitales y Medios Complementarios para la Campaña: “El Tren Maya”, Versión: “Tren Maya 1”",ADJUDICACIÓN DIRECTA,Secretaría de Gobernación,CENTRO DE CULTURA NUESTRA AMERICA AC,2019-11-28,2019-12-31,819720,MXN
88,"Servicios de difusión en Televisión, Radio, Medios Impresos, Medios Digitales y Medios Complementarios para la Campaña: “El Tren Maya”, Versión: “Tren Maya 1”",ADJUDICACIÓN DIRECTA,Secretaría de Gobernación,RADIODIFUSORAS ASOCIADAS SA DE CV,2019-11-28,2019-12-31,809920,MXN
89,"Servicios de difusión en Televisión, Radio, Medios Impresos, Medios Digitales y Medios Complementarios para la Campaña: “El Tren Maya”, Versión: “Tren Maya 1”",ADJUDICACIÓN DIRECTA,Secretaría de Gobernación,EDICION Y PUBLICIDAD DE MEDIOS DE LOS ESTADOS S DE RL DE CV,2019-11-28,2019-12-31,775800,MXN
90,"SUPERVISION DE LOS TRABAJOS PARA EL ACONDICIONAMIENTO DEL DERECHO SE VÍA FERROVIARIA EN 27.25 KM EN EL ESTADO DE CHIAPAS, DEL ENCADENAMIENTO 330+000 AL CADENAMIENTO 357+250 DE LA VÍA DEL FERROCARRIL DEL ISTMO DE TEHUANTEPEC",ADJUDICACIÓN DIRECTA,Fondo Nacional de Fomento al Turismo,CLORE SA DE CV,2020-04-20,2020-06-10,736895.32,MXN
91,"SUPERVISIÓN DE LOS TRABAJOS PARA EL ACONDICIONAMIENTO DEL DERECHO DE VÍA FERROVIARIA EN 14.00 KM EN EL ESTADO DE CAMPECHE, DEL CADENAMIENTO 692+000 AL CADENAMIENTO  706+000 DE LA VÍA DEL FERROCARRIL DEL ISTMO DE TEHUANTEPEC.",ADJUDICACIÓN DIRECTA,Fondo Nacional de Fomento al Turismo,FACTIS INGENIERIA SA DE CV,2020-04-20,2020-06-17,733229.17,MXN
92,"ESTUDIOS DE INGENIERÍAS DEL SITIO PARA LA ESTACIÓN DEL TREN MAYA EN PALENQUE, CHIAPAS.",ADJUDICACIÓN DIRECTA,Fondo Nacional de Fomento al Turismo,GEORTEC S.A. de C.V.,2019-11-20,2020-05-18,685866.3,MXN
93,ADQUISICIÓN DE PRENDAS Y ARTÍCULOS DE VESTIR AL PERSONAL EN FUNCIONES OP,INVITACIÓN A CUANDO MENOS 3 PERSONAS,"FONATUR Tren Maya, S.A. de C.V.",DISTRIBUIDORA RUSSHEL SA DE CV,2020-07-29,2020-08-27,683534,MXN
94,"LEVANTAMIENTO TOPOGRÁFICO DE LA ZONA DE INFLUENCIA DE LA ESTACIÓN DEL TREN MAYA Y SU CORREDOR LINEAL EN PLAYA DEL CARMEN, QUINTANA ROO.",ADJUDICACIÓN DIRECTA,Fondo Nacional de Fomento al Turismo,"INGENIERIA, TOPOGRAFIA Y CONTROL DE CALIDAD SA DE CV",2020-08-21,2020-10-05,641401.7,MXN
95,"PROPUESTA CONCEPTUAL PARA EL ORDENAMIENTO TURÍSTICO Y TERRITORIAL DE CONHUÁS-CALAKMUL-XPUJIL, CAMPECHE",ADJUDICACIÓN DIRECTA,Fondo Nacional de Fomento al Turismo,"CANO VERA URBANISMO Y ARQUITECTURA, S.A. DE C.V.",2019-11-08,2020-05-18,623855.3,MXN
96,SERVICIO DE IMPRESIONES FOTOGRÁFICAS,ADJUDICACIÓN DIRECTA,Fondo Nacional de Fomento al Turismo,WILLIAM FLORES FLORES,2019-11-20,2019-12-31,620000,MXN
97,"SERVICIO DE ASISTENCIA TÉCNICA Y ASESORÍA PARA LA IDENTIFICACIÓN DE UNIDADES PRODUCTIVAS Y NECESIDADES DE CAPACITACIÓN TÉCNICA EN LOS ESTADOS DE CAMPECHE, YUCATÁN, QUINTANA ROO, TABASCO Y CHIAPAS",CONTRATO ENTRE ENTES PUBLICOS,"FONATUR Tren Maya, S.A. de C.V.",COLEGIO NACIONAL DE EDUCACION PROFESIONAL TECNICA,2019-11-13,2019-12-31,617500,MXN
98,"Supervisión de los trabajos de rehabilitación y reacondicionamiento de los cuerpos 1,2 y 3 para el campamento de obras del tren maya en Palenque, Chiapas.",ADJUDICACIÓN DIRECTA,Fondo Nacional de Fomento al Turismo,LUIS MARTIN ARENAS GARCIA,2020-04-13,2020-07-03,591826.33,MXN
99,"PROPUESTA CONCEPTUAL PARA EL DESARROLLO TURÍSTICO DE LA REGIÓN CONHUÁS, CAMPECHE.",ADJUDICACIÓN DIRECTA,Fondo Nacional de Fomento al Turismo,"CANO VERA URBANISMO Y ARQUITECTURA, S.A. DE C.V.",2019-11-19,2020-05-18,575628.89,MXN
100,"Análisis de Conformación Social Indígena de la Región Asociada al Proyecto Tren Maya, como Estudio Previo para un Diagnostico Social.",ADJUDICACIÓN DIRECTA,Fondo Nacional de Fomento al Turismo,CENTRO DE CIENCIAS JURIDICAS Y SOCIALES CUIMARI SC,2019-11-29,2019-12-31,527995,MXN
101,"Servicios de difusión en Televisión, Radio, Medios Impresos, Medios Digitales y Medios Complementarios para la Campaña: “El Tren Maya”, Versión: “Tren Maya 1”",ADJUDICACIÓN DIRECTA,Secretaría de Gobernación,CONSORCIO DE COMUNICACION Y SERVICIOS ERMED SA DE CV,2019-11-28,2019-12-31,516706.586,MXN
102,Capacidad de Carga Turística en localidades de las estaciones del Tren Maya,INVITACIÓN A CUANDO MENOS 3 PERSONAS,Secretaría de Turismo,BUFETTE DE CONSULTORIA AMBIENTAL E INDUSTRIAL SCP,2019-11-25,2019-12-27,515000,MXN
103,SERVICIOS DE DISEÑO Y ELABORACIÓN DE CONTENIDOS SOBRE LAS ACCIONES Y AVANCES DEL,ADJUDICACIÓN DIRECTA,Fondo Nacional de Fomento al Turismo,RAVASA DESIGN SA DE CV,2020-06-08,2020-06-30,497600,MXN
104,"ARRENDAMIENTO DE CAMIONETAS SIMINUEVAS, SIN OPCIÓN A COMPRA, PARA LA OPERACIÓN DEL PROYECTO TREN MAYA",ADJUDICACIÓN DIRECTA,Fondo Nacional de Fomento al Turismo,JET VAN CAR RENTAL SA DE CV,2019-12-01,2020-03-31,483120,MXN
105,RVICIOS INTEGRALES DE LOGÍSTICA,ADJUDICACIÓN DIRECTA,Fondo Nacional de Fomento al Turismo,"TOLKA ESTUDIO, SC",2019-11-21,2019-11-24,439870.84,MXN
106,"Servicios de difusión en Televisión, Radio, Medios Impresos, Medios Digitales y Medios Complementarios para la Campaña: “El Tren Maya”, Versión: “Tren Maya 1”",ADJUDICACIÓN DIRECTA,Secretaría de Gobernación,"EL UNIVERSAL COMPAÑIA PERIODISTICA NACIONAL, S.A. DE C.V.",2019-11-28,2019-12-31,431039.836,MXN
107,"Servicios de difusión en Televisión, Radio, Medios Impresos, Medios Digitales y Medios Complementarios para la Campaña: “El Tren Maya”, Versión: “Tren Maya 1”",ADJUDICACIÓN DIRECTA,Secretaría de Gobernación,MEDIOS MEXICANOS INMEDIATOS SA DE CV,2019-11-28,2019-12-31,431025,MXN
108,"Servicios de difusión en Televisión, Radio, Medios Impresos, Medios Digitales y Medios Complementarios para la Campaña: “El Tren Maya”, Versión: “Tren Maya 1”",ADJUDICACIÓN DIRECTA,Secretaría de Gobernación,NOW NEW MEDIA S A P I DE CV,2019-11-28,2019-12-31,431025,MXN
109,"Servicios de difusión en Televisión, Radio, Medios Impresos, Medios Digitales y Medios Complementarios para la Campaña: “El Tren Maya”, Versión: “Tren Maya 1”",ADJUDICACIÓN DIRECTA,Secretaría de Gobernación,PUBLICACIONES METROPOLITANAS S A P I DE CV,2019-11-28,2019-12-31,430990.397,MXN
110,"Servicios de difusión en Televisión, Radio, Medios Impresos, Medios Digitales y Medios Complementarios para la Campaña: “El Tren Maya”, Versión: “Tren Maya 1”",ADJUDICACIÓN DIRECTA,Secretaría de Gobernación,"SOCIEDAD MEXICANA DE RADIO, S.A DE C.V.",2019-11-28,2019-12-31,430980.06,MXN
111,"Servicios de difusión en Televisión, Radio, Medios Impresos, Medios Digitales y Medios Complementarios para la Campaña: “El Tren Maya”, Versión: “Tren Maya 1”",ADJUDICACIÓN DIRECTA,Secretaría de Gobernación,OPERADORA Y ADMINISTRADORA DE INFORMACION Y EDITORIAL SA DE CV,2019-11-28,2019-12-31,430972.44,MXN
112,"Servicios de difusión en Televisión, Radio, Medios Impresos, Medios Digitales y Medios Complementarios para la Campaña: “El Tren Maya”, Versión: “Tren Maya 1”",ADJUDICACIÓN DIRECTA,Secretaría de Gobernación,PROABRI S A P I DE CV,2019-11-28,2019-12-31,430920,MXN
113,"Servicios de difusión en Televisión, Radio, Medios Impresos, Medios Digitales y Medios Complementarios para la Campaña: “El Tren Maya”, Versión: “Tren Maya 1”",ADJUDICACIÓN DIRECTA,Secretaría de Gobernación,NEXTMARKETING SA DE CV,2019-11-28,2019-12-31,430439,MXN
114,"Servicios de difusión en Televisión, Radio, Medios Impresos, Medios Digitales y Medios Complementarios para la Campaña: “El Tren Maya”, Versión: “Tren Maya 1”",ADJUDICACIÓN DIRECTA,Secretaría de Gobernación,TELEVISION Y RADIO CARIBE SA DE CV,2019-11-28,2019-12-31,430422,MXN
115,"Servicios de difusión en Televisión, Radio, Medios Impresos, Medios Digitales y Medios Complementarios para la Campaña: “El Tren Maya”, Versión: “Tren Maya 1”",ADJUDICACIÓN DIRECTA,Secretaría de Gobernación,EDITORIAL OVACIONES SA DE CV,2019-11-28,2019-12-31,429108.64,MXN
116,"Servicios de difusión en Televisión, Radio, Medios Impresos, Medios Digitales y Medios Complementarios para la Campaña: “El Tren Maya”, Versión: “Tren Maya 1”",ADJUDICACIÓN DIRECTA,Secretaría de Gobernación,ORGANIZACION EDITORIAL MEXICANA SA DE CV,2019-11-28,2019-12-31,428913,MXN
117,"Servicios de difusión en Televisión, Radio, Medios Impresos, Medios Digitales y Medios Complementarios para la Campaña: “El Tren Maya”, Versión: “Tren Maya 1”",ADJUDICACIÓN DIRECTA,Secretaría de Gobernación,LA POLITICA ONLINE MEXICO SA DE CV,2019-11-28,2019-12-31,428538,MXN
118,"Servicios de difusión en Televisión, Radio, Medios Impresos, Medios Digitales y Medios Complementarios para la Campaña: “El Tren Maya”, Versión: “Tren Maya 1”",ADJUDICACIÓN DIRECTA,Secretaría de Gobernación,COMUNICACION E INFORMACION SA DE CV,2019-11-28,2019-12-31,428220,MXN
119,"Servicios de difusión en Televisión, Radio, Medios Impresos, Medios Digitales y Medios Complementarios para la Campaña: “El Tren Maya”, Versión: “Tren Maya 1”",ADJUDICACIÓN DIRECTA,Secretaría de Gobernación,INFORMACION INTEGRAL 24/7 S A P I DE CV,2019-11-28,2019-12-31,427330,MXN
120,"Servicios de difusión en Televisión, Radio, Medios Impresos, Medios Digitales y Medios Complementarios para la Campaña: “El Tren Maya”, Versión: “Tren Maya 1”",ADJUDICACIÓN DIRECTA,Secretaría de Gobernación,EL ECONOMISTA GRUPO EDITORIAL SA DE CV,2019-11-28,2019-12-31,424155,MXN
121,"DISEÑO Y CONSTRUCCIÓN DE STAND, PARA LA PROMOCIÓN DEL TREN MAYA",ADJUDICACIÓN DIRECTA,Fondo Nacional de Fomento al Turismo,"TOLKA ESTUDIO, SC",2019-03-26,2019-11-06,420534.79,MXN
122,"Servicios de difusión en Televisión, Radio, Medios Impresos, Medios Digitales y Medios Complementarios para la Campaña: “El Tren Maya”, Versión: “Tren Maya 1”",ADJUDICACIÓN DIRECTA,Secretaría de Gobernación,DIFUSION DE INFORMACION SA DE CV,2019-11-28,2019-12-31,409013,MXN
123,"“Servicios de difusión en Televisión, Radio, Medios Impresos, Medios Digitales y Medios Complementarios para la Campaña: “El Tren Maya”, Versión: “Tren Maya 1””",ADJUDICACIÓN DIRECTA,Secretaría de Gobernación,"LA NUEVA TELEVISIÓN DEL SUR, C.A.",2019-11-28,2019-12-31,396000,MXN
124,"Servicios de difusión en Televisión, Radio, Medios Impresos, Medios Digitales y Medios Complementarios para la Campaña: “El Tren Maya”, Versión: “Tren Maya 1”",ADJUDICACIÓN DIRECTA,Secretaría de Gobernación,EL ECONOMISTA GRUPO EDITORIAL SA DE CV,2019-11-28,2019-12-31,344634,MXN
125,"Servicios de difusión en Televisión, Radio, Medios Impresos, Medios Digitales y Medios Complementarios para la Campaña: “El Tren Maya”, Versión: “Tren Maya 1”",ADJUDICACIÓN DIRECTA,Secretaría de Gobernación,MEDIOS DEL CARIBE SA DE CV,2019-11-28,2019-12-31,343705.974,MXN
126,"Servicios de difusión en Televisión, Radio, Medios Impresos, Medios Digitales y Medios Complementarios para la Campaña: “El Tren Maya”, Versión: “Tren Maya 1”",ADJUDICACIÓN DIRECTA,Secretaría de Gobernación,TALLERES DEL SUR SA DE CV,2019-11-28,2019-12-31,342200,MXN
127,"Servicios de difusión en Televisión, Radio, Medios Impresos, Medios Digitales y Medios Complementarios para la Campaña: “El Tren Maya”, Versión: “Tren Maya 1”",ADJUDICACIÓN DIRECTA,Secretaría de Gobernación,"LA CRONICA DIARIA, S.A. DE C.V.",2019-11-28,2019-12-31,340416,MXN
128,CONTRATACIÓN TESTIGO SOCIAL,ADJUDICACIÓN DIRECTA,Fondo Nacional de Fomento al Turismo,ACADEMIA DE CONTRATACION PUBLICA DE MEXICO AC,2020-06-22,2020-10-07,321711.37,MXN
129,"Servicios de difusión en Televisión, Radio, Medios Impresos, Medios Digitales y Medios Complementarios para la Campaña: “El Tren Maya”, Versión: “Tren Maya 1”",ADJUDICACIÓN DIRECTA,Secretaría de Gobernación,SAIO SERVICIOS SA DE CV,2019-11-28,2019-12-31,310338,MXN
130,"Servicios de difusión en Televisión, Radio, Medios Impresos, Medios Digitales y Medios Complementarios para la Campaña: “El Tren Maya”, Versión: “Tren Maya 1”",ADJUDICACIÓN DIRECTA,Secretaría de Gobernación,"EXPANSION, SA DE CV",2019-11-28,2019-12-31,300906.802,MXN
131,"Servicios Integrales de Logística para la Participación del Proyecto Tren Maya, en Evento.",ADJUDICACIÓN DIRECTA,Fondo Nacional de Fomento al Turismo,"TOLKA ESTUDIO, SC",2019-08-01,2019-12-30,299221,MXN
132,"LEVANTAMIENTO TOPOGRAFICO DE LA ESTACIÓN DEL TREN MAYA EN PLAYA DEL CARMEN, QUINTANA ROO.",INVITACIÓN A CUANDO MENOS 3 PERSONAS,Fondo Nacional de Fomento al Turismo,CONFORMA OBRAS Y SERVICIOS SA DE CV,2019-12-02,2020-05-18,298569.85,MXN
133,"Servicios de difusión en Televisión, Radio, Medios Impresos, Medios Digitales y Medios Complementarios para la Campaña: “El Tren Maya”, Versión: “Tren Maya 1”",ADJUDICACIÓN DIRECTA,Secretaría de Gobernación,AVAN NOTICIAS SA DE CV,2019-11-28,2019-12-31,258577.3,MXN
134,"Servicios de difusión en Televisión, Radio, Medios Impresos, Medios Digitales y Medios Complementarios para la Campaña: “El Tren Maya”, Versión: “Tren Maya 1”",ADJUDICACIÓN DIRECTA,Secretaría de Gobernación,P&E PERSPECTIVAS & ENFOQUES PUBLICITARIOS SA DE CV,2019-11-28,2019-12-31,257984.983,MXN
135,"Servicios de difusión en Televisión, Radio, Medios Impresos, Medios Digitales y Medios Complementarios para la Campaña: “El Tren Maya”, Versión: “Tren Maya 1”",ADJUDICACIÓN DIRECTA,Secretaría de Gobernación,UNORDINARY BUSINESS CONSULTANTS SA DE CV,2019-11-28,2019-12-31,256660,MXN
136,"SERVICIO DE ARRENDAMIENTO TEMPORAL DE TRES CAMIONETAS SEMINUEVAS, SIN OPCIÓN A COMPRA, PARA EL USO DEL PERSONAL EN LAS ACTIVIDADES DE OPERACIÓN DEL PROYECTO TREN MAYA",ADJUDICACIÓN DIRECTA,"FONATUR Tren Maya, S.A. de C.V.",JET VAN CAR RENTAL SA DE CV,2019-10-01,2019-12-31,226512,MXN
137,"Servicios de difusión en Televisión, Radio, Medios Impresos, Medios Digitales y Medios Complementarios para la Campaña: “El Tren Maya”, Versión: “Tren Maya 1”",ADJUDICACIÓN DIRECTA,Secretaría de Gobernación,REPORTEROS EN SA DE CV,2019-11-28,2019-12-31,214595,MXN
138,"Servicios de difusión en Televisión, Radio, Medios Impresos, Medios Digitales y Medios Complementarios para la Campaña: “El Tren Maya”, Versión: “Tren Maya 1”",ADJUDICACIÓN DIRECTA,Secretaría de Gobernación,DIFUSION DE INFORMACION SA DE CV,2019-11-28,2019-12-31,198000,MXN
139,"SERVICIO DE ARRENDAMIENTO TEMPORAL DE TRES CAMIONETAS SEMINUEVAS, SIN OPCIÓN A COMPRA, PARA EL USO DEL PERSONAL EN LAS ACTIVIDADES DE OPERACIÓN DEL PROYECTO TREN MAYA",ADJUDICACIÓN DIRECTA,"FONATUR Tren Maya, S.A. de C.V.",JET VAN CAR RENTAL SA DE CV,2019-10-01,2019-12-31,196020,MXN
140,SERVICIOS INTEGRALES PARA LA PRODUCCIÓN AUDIOVISUAL PARA EL PROYECTO TREN MAYA,CONTRATO ENTRE ENTES PUBLICOS,"FONATUR Tren Maya, S.A. de C.V.",UNIVERSIDAD NACIONAL AUTONOMA DE MEXICO,2019-11-04,2019-12-31,179800,MXN
141,"Servicios de difusión en Televisión, Radio, Medios Impresos, Medios Digitales y Medios Complementarios para la Campaña: “El Tren Maya”, Versión: “Tren Maya 1”",ADJUDICACIÓN DIRECTA,Secretaría de Gobernación,PROYECTOS ALTERNATIVOS DE COMUNICACION,2019-11-28,2019-12-31,171160,MXN
142,"Servicios de difusión en Televisión, Radio, Medios Impresos, Medios Digitales y Medios Complementarios para la Campaña: “El Tren Maya”, Versión: “Tren Maya 1”",ADJUDICACIÓN DIRECTA,Secretaría de Gobernación,MEXICO RURAL DE DOÑA OFE SA DE CV,2019-11-28,2019-12-31,164069.836,MXN
143,SUMINISTRO DE MISCELÁNEOS PROYECTO TREN MAYA,ADJUDICACIÓN DIRECTA,"FONATUR Tren Maya, S.A. de C.V.",ARIANA FLORES TORRES,2020-06-19,2020-07-19,159203,MXN
144,"Servicios de difusión en Televisión, Radio, Medios Impresos, Medios Digitales y Medios Complementarios para la Campaña: “El Tren Maya”, Versión: “Tren Maya 1”",ADJUDICACIÓN DIRECTA,Secretaría de Gobernación,INFORMACION INTEGRAL 24/7 S A P I DE CV,2019-11-28,2019-12-31,128878.198,MXN
145,"Servicios de difusión en Televisión, Radio, Medios Impresos, Medios Digitales y Medios Complementarios para la Campaña: “El Tren Maya”, Versión: “Tren Maya 1”",ADJUDICACIÓN DIRECTA,Secretaría de Gobernación,NOTICIEROS DE IMPACTO SA DE CV,2019-11-28,2019-12-31,102960,MXN
146,ELABORACIÓN DE UN DICTAMEN PERICIAL EN MATERIA DE VALUACIÓN DE LA MARCA,ADJUDICACIÓN DIRECTA,Fondo Nacional de Fomento al Turismo,CONCEPCIÓN ESTEBAN MANCHADO,2020-02-14,2020-12-31,100000,MXN
147,"Servicios de difusión en Televisión, Radio, Medios Impresos, Medios Digitales y Medios Complementarios para la Campaña: “El Tren Maya”, Versión: “Tren Maya 1”",ADJUDICACIÓN DIRECTA,Secretaría de Gobernación,EDITORIAL AGRO SINTESIS SA DE CV,2019-11-28,2019-12-31,86180,MXN
148,"Servicios de difusión en Televisión, Radio, Medios Impresos, Medios Digitales y Medios Complementarios para la Campaña: “El Tren Maya”, Versión: “Tren Maya 1”",ADJUDICACIÓN DIRECTA,Secretaría de Gobernación,CUARTOSCURO SA DE CV,2019-11-28,2019-12-31,64985.698,MXN
149,"Servicios de difusión en Televisión, Radio, Medios Impresos, Medios Digitales y Medios Complementarios para la Campaña: “El Tren Maya”, Versión: “Tren Maya 1”",ADJUDICACIÓN DIRECTA,Secretaría de Gobernación,CUARTOSCURO SA DE CV,2019-11-28,2019-12-31,64200,MXN
150,"SERVICIO INTEGRAL PARA LA ORGANIZACIÓN Y REALIZACIÓN DE LA REUNIÓN DE FONATUR TREN MAYA CON CONAGUA EN CALAKMUL, CAMPECHE",ADJUDICACIÓN DIRECTA,"FONATUR Tren Maya, S.A. de C.V.",SUSANA YAMINA MARTIN ESCALANTE,2019-08-06,2019-08-17,49482.76,MXN
